timestamp,accelX,accelY,accelZ,gyroX,gyroY,gyroZ,altitude,activity
3050,-0.01,-0.01,-0.02,0.78,0.95,1.06,211.70,Lift
5559,0.03,0.03,0.03,-7.95,-8.00,-8.08,210.93,Lift
8068,0.10,0.09,0.11,5.30,5.25,5.15,210.57,Lift
10577,0.11,0.11,0.11,-5.85,-5.93,-5.94,210.79,Lift
13086,0.01,0.01,0.01,2.32,2.31,2.36,211.51,Lift
15594,0.05,0.05,0.05,-3.08,-3.04,-3.05,212.53,Lift
18103,-0.02,-0.02,-0.02,-9.04,-9.07,-9.14,213.65,Lift
20612,0.03,0.03,0.03,-0.76,-0.85,-0.85,214.51,Lift
23121,0.03,0.03,0.03,-1.02,-1.07,-1.16,215.20,Lift
25630,0.00,0.00,0.00,-0.21,-0.11,-0.10,215.61,Lift
28139,0.01,0.01,0.01,-1.53,-1.60,-1.52,215.99,Lift
30648,0.02,0.02,0.02,-1.41,-1.51,-1.61,216.25,Lift
33157,-0.00,0.00,0.00,-0.70,-0.63,-0.72,216.48,Lift
35666,0.01,0.01,0.01,-0.50,-0.50,-0.56,216.58,Lift
38175,0.02,0.02,0.02,-2.60,-2.64,-2.80,216.26,Lift
40684,0.05,0.04,0.04,-2.32,-2.27,-2.17,215.58,Lift
43193,0.04,0.04,0.05,-0.58,-0.41,-0.38,214.58,Lift
45702,0.05,0.05,0.05,-1.28,-1.11,-0.98,213.26,Lift
48211,0.08,0.08,0.08,-6.95,-6.97,-6.98,211.74,Lift
50720,-0.06,-0.06,-0.06,19.01,19.18,19.31,210.21,Lift
53229,0.01,0.01,0.02,-63.01,-63.15,-63.24,208.48,Lift
55737,-0.04,-0.05,-0.04,2.30,2.18,2.07,206.76,Lift
58246,0.16,0.16,0.16,-16.63,-16.53,-16.40,205.22,Lift
60755,0.13,0.14,0.14,-8.89,-8.95,-9.00,204.01,Lift
63264,0.09,0.09,0.09,-2.61,-2.53,-2.48,203.15,Lift
65773,0.09,0.09,0.08,-16.50,-16.85,-16.98,202.54,Lift
68282,0.12,0.11,0.11,23.24,22.96,22.79,202.18,Lift
70791,0.08,0.08,0.09,-4.46,-4.82,-5.08,201.83,Lift
73300,0.12,0.12,0.12,-5.47,-5.36,-5.28,201.61,Lift
75809,0.17,0.17,0.17,5.05,4.80,4.59,201.61,Lift
78318,0.02,0.03,0.03,7.44,7.44,7.44,202.23,Lift
80827,-0.02,-0.02,-0.02,60.35,60.81,61.21,203.10,Lift
83336,0.07,0.07,0.07,28.43,28.84,29.15,204.26,Lift
85845,0.12,0.12,0.12,16.60,16.88,17.22,205.58,Lift
88354,0.07,0.07,0.07,0.07,0.34,0.45,207.01,Lift
90863,-0.04,-0.04,-0.04,-13.82,-13.55,-13.21,208.69,Lift
93372,-0.13,-0.13,-0.13,-3.35,-3.59,-3.77,210.41,Lift
95881,0.09,0.09,0.09,-24.05,-23.89,-23.66,212.18,Lift
98390,-0.00,-0.01,-0.00,2.02,1.99,2.07,213.64,Lift
100899,0.00,0.00,-0.00,-0.01,0.10,0.13,214.66,Lift
103408,0.00,-0.01,-0.01,-1.50,-1.51,-1.58,215.34,Lift
105917,-0.01,-0.01,-0.02,-1.15,-1.18,-1.27,215.82,Lift
108426,-0.03,-0.03,-0.03,0.18,0.17,0.21,216.07,Lift
110935,-0.02,-0.02,-0.02,-0.85,-0.86,-0.91,216.38,Lift
113444,-0.03,-0.03,-0.03,-1.99,-1.93,-2.01,216.62,Lift
115953,-0.02,-0.02,-0.02,-1.33,-1.38,-1.31,216.52,Lift
118462,-0.03,-0.04,-0.04,-0.21,-0.24,-0.32,215.94,Lift
120971,-0.03,-0.04,-0.04,-3.36,-3.31,-3.23,215.03,Lift
123480,-0.06,-0.06,-0.06,-1.83,-1.62,-1.41,213.84,Lift
125989,-0.05,-0.05,-0.05,-3.75,-3.82,-3.79,212.40,Lift
128498,-0.04,-0.04,-0.04,-1.00,-0.93,-0.86,210.79,Lift
131007,-0.03,-0.03,-0.03,-0.62,-0.56,-0.59,209.13,Lift
133516,-0.03,-0.03,-0.03,-2.73,-2.73,-2.73,207.41,Lift
136025,-0.01,-0.01,-0.01,1.21,1.40,1.36,205.78,Lift
138534,-0.05,-0.04,-0.05,1.34,1.24,1.13,204.55,Lift
141043,-0.03,-0.03,-0.03,-2.22,-2.15,-2.09,203.71,Lift
143552,-0.05,-0.05,-0.04,-5.13,-5.29,-5.43,203.06,Lift
146061,-0.02,-0.02,-0.02,-1.31,-1.29,-1.37,202.56,Lift
148570,0.01,0.01,0.01,1.24,1.30,1.31,202.15,Lift
151079,0.01,0.01,0.01,-0.92,-1.00,-1.06,201.91,Lift
153588,-0.02,-0.02,-0.02,-2.58,-2.34,-2.24,201.71,Lift
156097,0.07,0.07,0.07,1.18,1.07,0.92,201.16,Lift
158606,0.07,0.07,0.07,4.92,4.76,4.52,200.50,Lift
161115,0.02,0.02,0.02,3.57,3.53,3.56,200.04,Lift
163624,0.01,0.01,0.01,-2.73,-2.75,-2.68,199.65,Lift
166133,0.00,0.00,0.00,-0.70,-0.56,-0.48,199.41,Lift
168642,0.01,0.01,0.01,-1.75,-1.74,-1.66,199.26,Lift
171151,-0.01,-0.01,-0.01,-0.48,-0.54,-0.60,199.14,Lift
173660,-0.03,-0.03,-0.03,-5.08,-4.98,-4.95,199.07,Lift
176169,-0.02,-0.02,-0.02,-4.53,-4.78,-5.00,199.30,Lift
178678,-0.02,-0.02,-0.02,-2.95,-3.05,-3.11,200.02,Lift
181187,-0.01,-0.01,-0.01,-1.94,-1.93,-1.93,201.06,Lift
183696,-0.02,-0.02,-0.02,-2.21,-2.31,-2.38,202.39,Lift
186205,-0.06,-0.05,-0.05,-1.33,-1.25,-1.14,203.88,Lift
188714,0.00,-0.00,0.00,-1.86,-1.85,-1.76,205.38,Lift
191223,-0.03,-0.03,-0.03,-2.47,-2.40,-2.44,207.00,Lift
193732,0.00,0.00,0.00,1.86,1.93,1.99,208.76,Lift
196241,-0.03,-0.03,-0.03,-4.64,-4.66,-4.63,210.45,Lift
198750,0.04,0.04,0.04,-1.51,-1.56,-1.60,211.82,Lift
201259,0.00,-0.00,-0.00,-1.40,-1.21,-0.98,213.36,Lift
203768,0.01,0.01,0.02,-3.72,-3.56,-3.54,214.46,Lift
206276,0.03,0.03,0.02,-5.89,-6.02,-6.12,215.21,Lift
208785,0.01,0.01,0.01,-3.70,-3.79,-3.82,215.74,Lift
213803,-0.04,-0.03,-0.04,-2.34,-2.30,-2.30,216.43,Lift
216312,0.00,0.00,0.00,-1.11,-1.08,-1.08,216.65,Lift
218821,0.01,0.01,0.02,-0.25,-0.19,-0.11,216.59,Lift
221330,0.02,0.02,0.03,-5.44,-5.46,-5.45,216.08,Lift
223839,0.03,0.03,0.03,-1.87,-1.95,-1.85,215.23,Lift
226348,0.01,0.01,0.01,-1.17,-1.17,-1.18,214.11,Lift
228857,0.00,0.01,0.00,4.02,4.09,4.19,212.73,Lift
231366,0.02,0.02,0.02,3.50,3.49,3.36,211.26,Lift
233875,0.04,0.03,0.04,-0.73,-0.73,-0.66,209.67,Lift
236384,0.04,0.04,0.04,-0.51,-0.38,-0.30,208.00,Lift
238893,0.06,0.06,0.06,-0.92,-0.89,-0.92,206.25,Lift
241402,0.05,0.06,0.06,-1.12,-1.26,-1.29,204.47,Lift
243911,0.05,0.05,0.05,-1.00,-0.95,-0.89,202.88,Lift
246420,0.03,0.03,0.03,-5.74,-5.61,-5.39,201.94,Lift
248929,0.04,0.05,0.05,-1.45,-1.37,-1.31,201.04,Lift
251438,0.03,0.03,0.03,-2.05,-2.04,-2.03,200.39,Lift
253947,0.06,0.05,0.05,4.49,4.59,4.75,199.88,Lift
256456,0.03,0.03,0.03,-0.59,-0.65,-0.68,199.59,Lift
258965,0.03,0.03,0.03,-0.95,-0.96,-0.91,199.37,Lift
261474,0.05,0.05,0.05,-0.84,-0.89,-0.98,199.44,Lift
263983,0.04,0.04,0.04,-0.33,-0.34,-0.39,200.02,Lift
266492,0.04,0.04,0.04,-2.50,-2.46,-2.44,201.02,Lift
269001,0.06,0.06,0.06,0.51,0.53,0.53,202.19,Lift
271510,0.04,0.04,0.04,-1.15,-1.24,-1.29,203.59,Lift
33108,0.04,0.04,0.05,-4.18,-4.25,-4.28,217.72,Lift
35617,0.05,0.06,0.06,-1.40,-1.36,-1.34,217.49,Lift
38126,0.01,0.01,0.02,-1.18,-1.14,-0.98,216.80,Lift
40635,0.02,0.02,0.03,-1.08,-1.18,-1.24,215.75,Lift
43144,0.02,0.02,0.02,-1.92,-1.75,-1.77,214.48,Lift
45653,0.03,0.03,0.02,-2.37,-2.44,-2.47,213.06,Lift
48162,0.01,0.01,0.01,-7.66,-7.68,-7.55,211.45,Lift
50671,0.05,0.05,0.05,-2.08,-2.15,-2.23,209.80,Lift
53180,0.07,0.07,0.07,0.76,0.73,0.63,208.03,Lift
55689,0.06,0.06,0.06,-0.21,-0.21,-0.23,206.33,Lift
58198,0.03,0.03,0.03,-1.34,-1.27,-1.26,205.07,Lift
60707,0.04,0.04,0.04,-1.27,-1.38,-1.45,204.12,Lift
63215,0.04,0.04,0.04,-0.45,-0.46,-0.31,203.59,Lift
65724,0.04,0.04,0.04,-1.76,-1.73,-1.79,203.06,Lift
68233,0.04,0.04,0.04,-2.95,-2.77,-2.60,202.68,Lift
70742,0.05,0.04,0.04,-0.44,-0.39,-0.25,202.42,Lift
73251,0.06,0.06,0.06,-1.28,-1.34,-1.44,202.33,Lift
75760,0.08,0.08,0.08,-1.08,-1.09,-1.04,202.73,Lift
78269,0.04,0.04,0.04,3.38,3.39,3.34,203.52,Lift
80778,0.05,0.05,0.05,-1.12,-1.04,-0.96,204.59,Lift
83287,0.04,0.05,0.05,-2.14,-2.21,-2.26,205.88,Lift
85796,0.04,0.04,0.04,-0.70,-0.84,-0.84,207.28,Lift
88305,0.03,0.03,0.03,-2.73,-2.77,-2.79,208.89,Lift
90814,0.01,0.01,0.01,1.83,1.95,2.11,210.57,Lift
93323,0.03,0.03,0.03,-2.56,-2.56,-2.59,212.34,Lift
95832,0.04,0.04,0.04,4.19,4.18,4.11,213.79,Lift
98341,0.04,0.04,0.04,-1.71,-1.76,-1.83,214.92,Lift
100850,0.02,0.02,0.02,-3.16,-3.05,-3.00,215.76,Lift
103359,0.01,0.01,0.01,-2.04,-2.00,-1.98,216.32,Lift
105868,0.03,0.03,0.03,-0.32,-0.37,-0.33,216.67,Lift
108377,0.03,0.03,0.03,-0.06,-0.06,-0.07,216.89,Lift
110885,0.04,0.04,0.04,-3.59,-3.66,-3.72,217.07,Lift
113394,0.02,0.02,0.02,-4.85,-4.95,-5.00,217.03,Lift
115902,0.03,0.03,0.04,2.37,2.36,2.35,216.60,Lift
118411,0.04,0.04,0.05,1.87,1.82,1.79,215.75,Lift
120920,0.02,0.02,0.02,-0.50,-0.61,-0.69,214.84,Lift
123429,0.03,0.03,0.03,-0.45,-0.46,-0.39,214.17,Lift
125938,0.03,0.03,0.04,0.13,0.18,0.12,213.72,Lift
128447,0.02,0.02,0.02,-7.37,-7.43,-7.56,213.34,Lift
130956,0.03,0.04,0.04,0.82,0.73,0.72,213.12,Lift
133465,0.03,0.03,0.03,1.66,1.55,1.40,212.97,Lift
135974,0.01,0.01,0.02,-5.52,-5.54,-5.50,212.90,Lift
138483,0.03,0.03,0.03,-2.73,-2.81,-2.89,213.14,Lift
140992,0.01,0.01,0.01,-9.64,-10.02,-10.24,213.81,Lift
143501,0.01,0.01,0.01,-5.79,-5.66,-5.61,214.79,Lift
146010,0.02,0.03,0.02,-1.29,-1.24,-1.23,215.58,Lift
148519,0.03,0.03,0.03,1.65,1.42,1.25,216.24,Lift
151028,0.07,0.07,0.07,1.62,1.66,1.71,216.67,Lift
153537,0.05,0.05,0.05,1.32,1.45,1.66,216.89,Lift
156046,0.09,0.09,0.09,-1.33,-1.31,-1.23,217.11,Lift
158555,0.06,0.06,0.05,0.42,0.34,0.29,217.25,Lift
161064,0.03,0.03,0.02,-0.65,-0.79,-0.91,217.35,Lift
163573,0.03,0.03,0.03,2.08,2.25,2.48,217.32,Lift
166082,0.01,0.01,0.01,-4.74,-4.69,-4.70,216.77,Lift
168591,0.02,0.02,0.02,0.37,0.40,0.41,215.85,Lift
171100,0.03,0.04,0.03,-0.82,-0.75,-0.64,214.67,Lift
173609,0.06,0.05,0.05,-4.57,-4.56,-4.59,213.23,Lift
176118,0.05,0.05,0.05,-1.07,-1.02,-0.97,211.65,Lift
178627,0.05,0.05,0.05,0.30,0.28,0.29,210.03,Lift
181136,0.05,0.05,0.05,-1.87,-1.85,-1.85,208.33,Lift
183645,0.06,0.06,0.06,-1.50,-1.43,-1.47,206.66,Lift
186154,0.09,0.09,0.09,0.31,0.26,0.19,205.41,Lift
188663,-0.01,-0.00,-0.01,-1.55,-1.70,-1.79,204.46,Lift
191172,0.07,0.08,0.07,-4.78,-4.79,-4.90,203.76,Lift
193681,0.05,0.05,0.05,2.31,2.40,2.54,203.26,Lift
196190,0.03,0.03,0.03,-0.28,-0.30,-0.34,202.88,Lift
198699,0.03,0.03,0.03,1.15,1.05,0.92,202.63,Lift
201208,0.02,0.02,0.02,-3.02,-2.94,-3.01,202.50,Lift
203717,0.06,0.06,0.06,0.66,0.48,0.28,202.43,Lift
206226,0.06,0.06,0.06,-5.40,-5.42,-5.44,202.42,Lift
208735,0.00,0.00,-0.00,-12.73,-12.61,-12.53,202.76,Lift
211244,0.04,0.04,0.04,1.39,1.54,1.73,203.54,Lift
213753,0.02,0.02,0.02,2.32,2.30,2.31,204.57,Lift
216262,0.02,0.02,0.02,-11.40,-11.83,-12.22,205.95,Lift
218771,-0.03,-0.03,-0.03,4.69,4.49,4.28,207.45,Lift
221280,0.01,0.00,0.01,-1.11,-0.98,-1.01,209.01,Lift
223789,0.01,0.01,0.01,-1.64,-1.71,-1.84,210.68,Lift
226298,-0.01,-0.02,-0.02,-0.99,-0.91,-0.89,212.34,Lift
228807,-0.01,-0.01,-0.01,0.20,0.25,0.46,213.82,Lift
231316,-0.02,-0.02,-0.02,-1.57,-1.66,-1.69,214.91,Lift
233825,0.04,0.04,0.04,12.98,12.83,12.69,215.72,Lift
236334,0.04,0.04,0.04,4.27,4.30,4.37,216.37,Lift
238843,0.01,0.01,0.01,-7.01,-7.04,-6.98,216.86,Lift
241352,0.05,0.05,0.05,8.63,8.56,8.44,217.20,Lift
243861,0.04,0.04,0.04,-0.29,-0.37,-0.50,217.42,Lift
246370,0.06,0.06,0.06,-10.56,-10.54,-10.57,217.43,Lift
248879,0.08,0.08,0.08,-0.73,-0.69,-0.81,217.11,Lift
251388,0.03,0.03,0.03,-3.99,-4.18,-4.41,216.33,Lift
253897,0.04,0.04,0.04,0.62,0.82,0.82,215.22,Lift
256406,0.05,0.05,0.06,-3.11,-3.02,-3.02,213.90,Lift
258915,0.06,0.06,0.06,0.15,0.39,0.69,212.37,Lift
261424,0.04,0.04,0.04,-2.02,-1.96,-2.01,210.72,Lift
263933,0.04,0.04,0.04,0.37,0.34,0.30,209.08,Lift
266442,0.04,0.04,0.04,-1.96,-1.98,-1.98,207.40,Lift
268951,0.11,0.11,0.11,-28.41,-28.95,-29.50,205.97,Lift
271460,0.07,0.07,0.07,10.20,10.21,10.18,204.92,Lift
273969,0.02,0.02,0.02,-6.23,-6.15,-6.12,204.19,Lift
276478,0.03,0.03,0.02,2.28,2.28,2.35,203.62,Lift
278987,0.03,0.03,0.03,-4.30,-4.24,-4.18,203.16,Lift
281496,0.03,0.02,0.02,-2.26,-2.18,-2.27,202.86,Lift
284005,0.03,0.03,0.03,-1.73,-1.85,-1.90,202.68,Lift
286514,0.02,0.02,0.02,1.88,1.92,2.02,202.96,Lift
289023,0.05,0.05,0.04,-0.23,-0.26,-0.31,203.68,Lift
291532,-0.02,-0.02,-0.03,-4.74,-4.73,-4.75,204.69,Lift
294041,0.02,0.02,0.02,-2.21,-2.27,-2.28,206.00,Lift
296550,0.07,0.07,0.08,-0.02,0.08,0.14,207.48,Lift
299059,0.05,0.05,0.05,4.26,4.58,4.86,208.67,Lift
301567,0.03,0.03,0.03,-0.06,0.04,0.11,210.29,Lift
304076,0.08,0.08,0.08,-4.56,-4.56,-4.59,211.98,Lift
306585,0.06,0.06,0.06,0.40,0.31,0.20,213.70,Lift
309094,0.02,0.03,0.02,-3.08,-3.14,-3.09,215.05,Lift
311603,0.03,0.03,0.04,-6.81,-6.82,-6.78,216.07,Lift
314112,0.06,0.06,0.06,4.42,4.46,4.52,216.78,Lift
316621,0.07,0.07,0.07,-5.38,-5.48,-5.69,217.31,Lift
319130,-0.01,-0.01,-0.01,-1.99,-2.19,-2.30,217.67,Lift
321639,0.03,0.03,0.03,0.92,0.82,0.71,217.95,Lift
324148,0.03,0.03,0.03,3.81,3.79,3.86,218.04,Lift
326657,-0.11,-0.11,-0.11,1.92,1.96,1.95,217.61,Lift
329166,-0.04,-0.04,-0.04,-3.77,-3.76,-3.77,216.80,Lift
331675,-0.01,-0.00,-0.00,0.10,0.18,0.27,215.69,Lift
334184,0.05,0.05,0.05,-1.31,-1.33,-1.40,214.37,Lift
336693,0.03,0.03,0.04,0.16,0.21,0.24,212.93,Lift
339202,0.03,0.03,0.03,-2.01,-2.04,-2.11,211.33,Lift
341711,0.04,0.04,0.04,-1.73,-1.73,-1.80,209.61,Lift
344220,0.04,0.05,0.05,1.23,1.06,0.82,207.88,Lift
346729,-0.01,-0.01,-0.01,6.19,6.26,6.30,206.59,Lift
349238,0.04,0.04,0.04,-0.38,-0.38,-0.47,205.39,Lift
351747,0.02,0.02,0.02,0.53,0.53,0.58,204.51,Lift
354256,0.01,0.01,0.01,-1.81,-1.74,-1.66,203.90,Lift
356765,0.01,0.01,0.01,-0.82,-0.79,-0.73,203.40,Lift
359274,-0.00,0.00,0.00,-3.15,-3.17,-3.06,203.08,Lift
361783,0.03,0.03,0.03,-0.73,-0.77,-0.83,202.87,Lift
364292,0.02,0.02,0.02,-2.34,-2.37,-2.37,202.52,Lift
366801,0.00,0.00,0.00,-1.36,-1.27,-1.31,201.95,Lift
369310,0.00,0.00,0.00,-0.11,-0.08,-0.05,201.37,Lift
371819,0.01,0.01,0.01,-7.75,-8.10,-8.34,200.93,Lift
374328,-0.02,-0.02,-0.02,-19.79,-19.47,-19.08,200.68,Lift
376837,-0.01,-0.01,-0.01,-2.44,-2.56,-2.63,200.41,Lift
379345,-0.01,-0.01,-0.01,4.17,4.24,4.14,200.25,Lift
381854,-0.01,-0.01,-0.01,-2.39,-2.26,-2.21,200.14,Lift
384363,0.01,0.02,0.01,1.11,0.98,0.95,200.10,Lift
386872,0.00,-0.00,-0.00,1.15,1.19,1.20,200.00,Lift
389381,0.03,0.04,0.04,-0.82,-0.86,-0.88,199.99,Lift
391890,-0.01,-0.01,-0.01,-0.19,-0.17,-0.28,200.39,Lift
394399,-0.00,-0.00,-0.00,-1.22,-1.15,-1.26,201.20,Lift
396908,-0.02,-0.02,-0.01,-1.03,-1.00,-1.06,202.28,Lift
399417,-0.00,-0.00,-0.00,-1.19,-1.31,-1.37,203.31,Lift
401926,-0.01,-0.01,-0.01,-2.21,-2.24,-2.31,204.76,Lift
404435,-0.01,-0.01,-0.01,-1.64,-1.74,-1.80,206.28,Lift
406944,-0.01,-0.01,-0.00,-1.74,-1.74,-1.70,207.90,Lift
409453,0.01,0.00,0.00,-4.60,-4.60,-4.64,209.55,Lift
411962,-0.02,-0.02,-0.02,-0.18,-0.27,-0.25,211.18,Lift
414471,0.01,0.01,0.01,-2.29,-2.31,-2.40,212.50,Lift
416980,0.05,0.05,0.05,-2.40,-2.36,-2.37,213.49,Lift
419489,0.05,0.05,0.05,-1.08,-0.98,-0.84,214.28,Lift
421998,0.01,0.01,0.01,-2.85,-2.85,-2.74,214.73,Lift
424507,-0.02,-0.02,-0.02,-0.82,-0.85,-0.76,215.05,Lift
427016,-0.04,-0.04,-0.04,-1.37,-1.33,-1.28,215.32,Lift
429525,-0.02,-0.01,-0.01,0.98,0.93,0.84,215.49,Lift
432034,-0.04,-0.04,-0.04,-2.72,-2.67,-2.66,215.79,Lift
434543,0.00,0.00,0.00,0.53,0.50,0.49,216.44,Lift
437052,-0.01,-0.00,-0.00,-1.95,-1.79,-1.70,217.12,Lift
439561,-0.01,-0.01,-0.01,-1.15,-1.13,-1.19,217.65,Lift
444579,-0.04,-0.04,-0.03,2.76,2.60,2.63,218.29,Lift
447088,0.05,0.05,0.06,-0.98,-1.21,-1.28,218.44,Lift
449597,0.03,0.04,0.03,-0.66,-0.73,-0.76,218.57,Lift
452106,0.04,0.04,0.04,-2.21,-2.27,-2.29,218.65,Lift
454615,0.03,0.03,0.03,-1.40,-1.34,-1.45,218.51,Lift
457124,0.04,0.04,0.04,-1.74,-1.76,-1.69,217.97,Lift
459633,0.05,0.05,0.05,-0.73,-0.73,-0.58,216.92,Lift
462142,0.02,0.02,0.02,-0.60,-0.68,-0.74,215.84,Lift
464651,0.04,0.04,0.04,-1.76,-1.61,-1.71,215.05,Lift
467159,0.03,0.03,0.03,-1.86,-1.89,-1.88,214.49,Lift
469668,0.02,0.02,0.02,-1.76,-1.73,-1.73,214.15,Lift
472177,0.03,0.03,0.03,-1.70,-1.56,-1.58,213.86,Lift
474686,0.04,0.04,0.04,-2.59,-2.64,-2.72,213.70,Lift
477195,0.03,0.03,0.03,2.98,3.10,3.22,213.54,Lift
479704,0.00,0.00,0.01,-4.86,-4.98,-5.03,213.44,Lift
482213,0.04,0.05,0.04,-3.69,-3.80,-3.89,213.30,Lift
484722,0.04,0.04,0.04,-1.04,-1.01,-1.04,212.89,Lift
487231,0.06,0.06,0.06,-2.04,-2.12,-2.16,212.14,Lift
489740,0.04,0.04,0.04,-1.77,-1.74,-1.76,211.12,Lift
492249,0.04,0.04,0.04,-4.22,-4.24,-4.18,209.89,Lift
494758,0.04,0.04,0.04,-0.52,-0.53,-0.64,208.43,Lift
497267,0.05,0.05,0.05,-0.79,-0.85,-0.84,206.89,Lift
499775,0.04,0.04,0.04,-6.63,-6.50,-6.31,205.69,Lift
502284,0.02,0.02,0.02,-2.22,-2.38,-2.42,204.87,Lift
504793,0.03,0.03,0.03,0.11,0.10,0.02,204.31,Lift
507302,0.02,0.02,0.02,0.28,0.23,0.15,203.97,Lift
509811,0.06,0.06,0.06,-2.59,-2.56,-2.65,203.68,Lift
512320,0.05,0.04,0.04,-0.26,-0.52,-0.71,203.45,Lift
514829,0.02,0.02,0.02,-2.40,-2.37,-2.31,203.23,Lift
517338,0.04,0.04,0.04,-2.24,-2.30,-2.35,202.68,Lift
519847,0.06,0.06,0.06,0.18,0.21,0.27,201.98,Lift
522356,0.05,0.05,0.05,-0.56,-0.56,-0.68,201.43,Lift
524865,0.04,0.04,0.04,-2.27,-2.26,-2.22,201.02,Lift
527374,0.02,0.02,0.02,2.42,2.37,2.37,200.81,Lift
529883,0.04,0.03,0.03,-1.34,-1.37,-1.54,200.63,Lift
532392,0.03,0.04,0.03,-4.29,-4.34,-4.47,200.36,Lift
534901,0.00,0.00,0.00,-0.48,-0.37,-0.27,200.23,Lift
537410,0.05,0.05,0.05,2.63,2.56,2.44,200.21,Lift
539919,0.01,0.01,0.02,3.03,3.21,3.31,200.37,Lift
542428,0.04,0.04,0.04,0.93,0.98,0.94,201.05,Lift
544937,0.05,0.05,0.05,-1.71,-1.72,-1.69,202.05,Lift
547446,0.02,0.02,0.02,-1.79,-1.74,-1.76,203.30,Lift
549955,0.05,0.05,0.05,1.21,1.21,1.21,204.72,Lift
552464,0.08,0.08,0.07,-1.74,-1.72,-1.70,206.23,Lift
554973,0.14,0.14,0.14,-0.20,-0.44,-0.57,207.89,Lift
557482,0.07,0.07,0.07,-1.15,-1.25,-1.23,209.64,Lift
559991,0.05,0.05,0.06,-3.09,-3.13,-3.11,211.48,Lift
562500,0.08,0.08,0.08,-1.41,-1.47,-1.55,212.94,Lift
565009,0.07,0.07,0.06,-2.78,-2.76,-2.60,214.62,Lift
567518,0.08,0.08,0.09,0.00,0.11,0.21,215.83,Lift
570027,-0.01,-0.01,-0.01,-1.63,-1.68,-1.79,216.72,Lift
572536,0.06,0.07,0.07,-0.13,-0.05,0.05,217.38,Lift
575045,0.03,0.03,0.03,0.52,0.50,0.53,217.86,Lift
577554,0.02,0.02,0.01,-18.47,-18.50,-18.60,218.20,Lift
580063,0.02,0.02,0.02,1.37,1.42,1.44,218.44,Lift
582572,-0.02,-0.02,-0.02,4.28,4.31,4.37,218.53,Lift
585081,0.02,0.02,0.02,-1.54,-1.52,-1.58,218.17,Lift
587590,0.05,0.05,0.05,-4.21,-4.27,-4.26,217.37,Lift
590099,0.03,0.03,0.03,-6.19,-6.37,-6.52,216.31,Lift
592608,0.03,0.03,0.03,-5.55,-5.60,-5.68,215.06,Lift
595117,0.02,0.02,0.02,-0.15,-0.02,-0.04,214.00,Lift
597626,0.09,0.08,0.09,1.96,2.07,2.08,213.28,Lift
600135,0.09,0.09,0.09,5.27,5.20,5.21,212.72,Lift
602644,0.03,0.03,0.03,-6.12,-6.21,-6.33,212.30,Lift
605153,0.01,0.01,0.00,0.05,-0.07,-0.08,212.01,Lift
607662,0.04,0.04,0.04,-2.49,-2.46,-2.44,211.74,Lift
610171,-0.00,-0.00,-0.00,2.15,2.29,2.50,211.46,Lift
612680,0.04,0.04,0.04,-1.78,-1.95,-2.00,210.79,Lift
615189,0.04,0.04,0.04,0.09,0.17,0.28,209.82,Lift
617698,0.05,0.05,0.05,-2.54,-2.47,-2.40,208.91,Lift
620207,0.05,0.06,0.05,-2.11,-2.11,-2.20,207.62,Lift
622716,0.05,0.05,0.05,3.18,3.15,3.20,206.39,Lift
625225,0.03,0.03,0.03,0.11,0.23,0.30,205.47,Lift
627734,0.05,0.05,0.05,-1.96,-2.01,-2.05,204.82,Lift
630243,0.04,0.05,0.05,-0.02,-0.13,-0.24,204.36,Lift
632751,0.06,0.06,0.07,-1.18,-1.24,-1.34,204.01,Lift
635260,0.07,0.07,0.07,-1.63,-1.50,-1.27,203.76,Lift
637769,0.02,0.02,0.02,-6.00,-6.13,-6.21,203.56,Lift
640278,-0.08,-0.08,-0.08,5.42,5.41,5.40,203.16,Lift
642787,0.03,0.03,0.03,-2.99,-2.91,-2.79,202.56,Lift
645296,0.03,0.03,0.03,-0.60,-0.54,-0.47,202.00,Lift
647805,0.02,0.02,0.03,-1.05,-1.01,-1.03,201.60,Lift
650314,-0.03,-0.03,-0.03,-4.53,-4.72,-4.98,201.31,Lift
652823,0.04,0.04,0.04,21.85,21.60,21.31,200.90,Lift
655332,-0.01,-0.01,-0.01,-2.52,-2.52,-2.43,200.60,Lift
657841,0.05,0.05,0.05,-8.60,-8.69,-8.83,200.51,Lift
660350,-0.07,-0.07,-0.08,14.92,15.08,15.18,200.52,Lift
662859,-0.03,-0.02,-0.03,-16.76,-16.58,-16.49,200.56,Lift
665368,-0.00,-0.01,-0.00,-9.69,-9.60,-9.50,200.60,Lift
667877,0.04,0.04,0.04,-1.86,-1.85,-1.81,200.66,Lift
670386,0.04,0.04,0.04,-2.07,-2.08,-2.03,200.74,Lift
672895,0.02,0.02,0.02,-1.66,-1.60,-1.63,200.71,Lift
675403,0.04,0.04,0.04,-2.95,-3.20,-3.40,200.70,Lift
677912,0.07,0.07,0.07,-3.93,-4.04,-4.16,200.69,Lift
680421,0.02,0.03,0.02,-1.23,-1.22,-1.06,200.68,Lift
682930,0.02,0.02,0.02,-1.83,-1.86,-1.71,200.59,Lift
685439,0.02,0.02,0.02,-3.08,-3.08,-3.15,200.50,Lift
687948,0.05,0.05,0.05,-2.07,-2.05,-2.01,200.51,Lift
690456,0.05,0.05,0.05,-1.24,-1.24,-1.12,200.86,Lift
692965,0.05,0.05,0.05,-2.50,-2.52,-2.63,201.65,Lift
695474,0.06,0.06,0.06,-0.11,-0.09,-0.13,202.84,Lift
697983,0.06,0.05,0.05,-2.40,-2.30,-2.18,204.16,Lift
700492,0.09,0.09,0.09,-1.56,-1.56,-1.49,205.65,Lift
703001,0.08,0.08,0.08,-1.73,-1.66,-1.69,207.23,Lift
705509,0.08,0.08,0.08,0.46,0.60,0.59,208.95,Lift
708018,0.05,0.04,0.05,-1.82,-1.76,-1.63,210.82,Lift
710527,0.06,0.06,0.06,-0.66,-0.56,-0.59,212.65,Lift
713036,0.06,0.06,0.07,-1.52,-1.47,-1.50,214.47,Lift
715545,0.08,0.08,0.08,-0.97,-0.95,-1.02,215.85,Lift
718054,0.07,0.07,0.07,-1.46,-1.50,-1.50,216.86,Lift
720562,0.06,0.06,0.07,-0.76,-0.68,-0.57,217.56,Lift
723071,0.09,0.09,0.09,-1.47,-1.56,-1.55,218.06,Lift
725580,0.05,0.05,0.05,-9.58,-9.63,-9.74,218.43,Lift
728089,0.05,0.05,0.05,-1.55,-1.51,-1.40,218.71,Lift
730598,0.03,0.03,0.03,0.21,0.16,0.18,218.99,Lift
733107,0.08,0.08,0.08,4.76,4.73,4.62,219.14,Lift
735615,-0.07,-0.07,-0.07,-5.24,-5.27,-5.16,219.18,Lift
738124,-0.05,-0.05,-0.05,4.63,4.79,4.85,218.91,Lift
740633,-0.05,-0.05,-0.05,-1.34,-1.04,-0.80,218.22,Lift
743141,0.01,0.01,0.01,6.02,6.17,6.27,217.13,Lift
745650,-0.07,-0.07,-0.07,0.38,0.44,0.46,215.80,Lift
748159,-0.05,-0.05,-0.05,0.25,0.16,0.10,214.60,Lift
750667,-0.00,0.00,-0.00,-1.70,-1.79,-1.81,213.74,Lift
753176,-0.04,-0.05,-0.05,2.54,2.51,2.62,213.08,Lift
755685,0.03,0.03,0.03,1.80,1.96,2.08,212.63,Lift
758194,0.06,0.06,0.06,-0.79,-0.83,-0.84,212.27,Lift
760703,0.01,0.01,0.01,0.20,0.23,0.24,212.00,Lift
763212,0.05,0.05,0.05,-1.12,-1.15,-1.11,211.85,Lift
765720,0.05,0.05,0.05,-0.90,-0.93,-0.86,211.71,Lift
768229,0.02,0.02,0.02,-0.44,-0.50,-0.53,211.45,Lift
770738,0.02,0.02,0.02,-5.31,-5.37,-5.33,210.76,Lift
773247,0.02,0.02,0.02,-0.71,-0.66,-0.64,209.82,Lift
775756,0.05,0.05,0.05,-2.60,-2.54,-2.55,208.86,Lift
778265,0.04,0.04,0.04,-1.26,-1.23,-1.29,207.52,Lift
780773,0.00,0.00,0.00,-0.01,0.08,0.11,206.03,Lift
783282,0.07,0.07,0.07,0.09,0.03,0.02,204.60,Lift
785790,-0.06,-0.06,-0.07,-18.55,-18.89,-19.24,203.52,Lift
788299,-0.05,-0.05,-0.05,0.21,0.29,0.29,202.80,Lift
790808,-0.08,-0.08,-0.08,4.66,4.67,4.72,202.24,Lift
793317,0.02,0.02,0.02,-7.56,-7.80,-7.90,201.86,Lift
795825,-0.03,-0.03,-0.03,-1.33,-1.48,-1.55,201.57,Lift
798333,-0.00,-0.00,-0.00,-1.72,-1.63,-1.56,201.44,Lift
800842,0.01,0.01,0.01,2.44,2.42,2.42,201.27,Lift
803351,0.00,0.00,0.00,-0.76,-0.67,-0.62,201.15,Lift
848824,-0.09,-0.09,-0.09,0.17,0.12,-0.01,219.10,Lift
851334,-0.05,-0.05,-0.05,-12.85,-12.87,-12.96,219.31,Lift
856352,-0.05,-0.05,-0.05,1.41,1.45,1.47,218.96,Lift
920158,0.03,0.03,0.03,-2.69,-2.63,-2.56,206.00,Lift
922667,0.04,0.04,0.04,1.07,1.09,1.11,204.70,Lift
925176,0.12,0.12,0.12,4.40,4.42,4.51,203.76,Lift
927685,0.04,0.04,0.04,-0.84,-0.81,-0.92,203.05,Lift
930194,0.07,0.07,0.07,4.18,4.13,4.14,202.55,Lift
932703,0.06,0.06,0.06,-3.59,-3.60,-3.64,202.18,Lift
935212,0.08,0.08,0.08,-3.69,-3.77,-3.82,201.91,Lift
937721,0.06,0.06,0.06,-0.08,-0.11,-0.16,201.80,Lift
940230,0.06,0.06,0.06,-2.50,-2.83,-3.13,202.10,Lift
942739,0.02,0.02,0.02,3.92,4.02,4.08,202.79,Lift
945248,0.02,0.02,0.02,-1.11,-1.10,-1.04,203.81,Lift
947757,0.05,0.05,0.05,-10.21,-10.18,-10.14,205.04,Lift
950266,0.05,0.05,0.05,-6.85,-6.98,-7.04,206.27,Lift
952775,0.05,0.05,0.05,5.18,5.29,5.30,207.91,Lift
955284,0.06,0.06,0.06,1.78,1.88,1.99,209.60,Lift
957793,-0.00,-0.00,-0.00,-2.78,-2.63,-2.51,211.29,Lift
960302,0.04,0.04,0.04,-12.60,-12.53,-12.47,213.00,Lift
962811,0.03,0.03,0.03,1.17,1.11,1.11,214.68,Lift
965320,0.03,0.02,0.02,1.08,1.10,1.16,216.09,Lift
967829,0.00,0.00,0.02,-4.47,-4.64,-4.65,217.06,Lift
970338,0.02,0.02,0.02,0.73,0.82,0.87,217.79,Lift
972847,0.01,0.01,0.01,-5.51,-5.60,-5.69,218.30,Lift
975356,-0.00,-0.00,-0.00,7.85,7.41,7.09,218.67,Lift
977865,0.29,0.29,0.28,-9.62,-9.66,-9.68,218.95,Lift
980374,-0.11,-0.13,-0.13,-34.24,-33.73,-33.19,219.09,Lift
982883,-0.01,-0.01,-0.01,-7.94,-7.90,-7.73,218.97,Lift
985392,0.03,0.03,0.03,0.27,0.15,0.08,218.32,Lift
987901,0.04,0.04,0.04,-0.02,-0.21,-0.24,217.31,Lift
990410,0.04,0.05,0.05,-6.69,-6.47,-6.19,216.06,Lift
992919,0.04,0.05,0.04,-4.46,-4.41,-4.46,214.62,Lift
995428,0.11,0.11,0.11,-6.18,-6.02,-5.95,213.41,Lift
997937,0.10,0.10,0.10,-2.07,-2.12,-2.15,211.67,Lift
1000446,0.10,0.10,0.10,-2.58,-2.66,-2.77,209.89,Lift
1002955,0.08,0.08,0.08,-1.31,-1.34,-1.38,208.10,Lift
1005464,0.08,0.08,0.08,-1.29,-1.23,-1.19,206.31,Lift
1007973,0.08,0.08,0.08,-1.14,-1.24,-1.31,204.86,Lift
1010482,0.07,0.07,0.07,-1.61,-1.58,-1.64,203.79,Lift
1012991,0.08,0.08,0.08,-0.91,-0.98,-0.99,202.96,Lift
1015500,0.06,0.06,0.06,-0.37,-0.40,-0.31,202.41,Lift
1018009,0.04,0.03,0.04,-1.85,-2.02,-2.02,201.99,Lift
1020518,0.05,0.05,0.05,-3.70,-3.63,-3.67,201.74,Lift
1023027,0.05,0.05,0.05,-2.45,-2.36,-2.43,201.62,Lift
1025536,0.05,0.05,0.05,-1.31,-1.34,-1.37,201.97,Lift
1028045,0.04,0.04,0.04,-1.23,-1.25,-1.28,202.67,Lift
1030554,0.04,0.04,0.04,0.08,0.15,0.15,203.67,Lift
1033063,0.04,0.04,0.04,-1.85,-1.76,-1.82,204.78,Lift
1035572,0.02,0.02,0.02,-0.85,-0.90,-0.97,206.27,Lift
1038081,0.04,0.03,0.04,-2.56,-2.59,-2.72,207.85,Lift
1040590,0.05,0.06,0.06,-1.52,-1.58,-1.66,209.48,Lift
1043099,0.05,0.05,0.05,-1.50,-1.44,-1.50,211.18,Lift
1045608,0.06,0.06,0.06,-0.99,-1.03,-0.98,212.93,Lift
1048117,0.05,0.05,0.05,-0.83,-0.89,-0.89,214.62,Lift
1050626,0.03,0.03,0.03,-0.79,-0.87,-0.89,215.98,Lift
1053135,0.06,0.07,0.06,-1.92,-2.00,-2.08,217.01,Lift
1055644,0.07,0.06,0.07,-0.56,-0.44,-0.44,217.76,Lift
1058153,-0.02,-0.02,-0.02,33.98,33.88,33.85,218.32,Lift
1060661,-0.29,-0.29,-0.29,7.95,7.89,7.78,218.74,Lift
1063170,-0.19,-0.20,-0.20,-4.79,-4.66,-4.53,219.02,Lift
1065679,-0.20,-0.20,-0.20,-4.13,-4.06,-4.08,219.19,Lift
1068188,-0.20,-0.19,-0.20,-1.10,-1.16,-1.15,218.98,Lift
1070697,-0.30,-0.30,-0.30,7.80,8.02,8.25,218.53,Lift
1073206,-0.16,-0.15,-0.15,-0.19,-0.05,0.06,217.64,Lift
1075715,-0.13,-0.13,-0.13,0.97,1.01,0.93,216.48,Lift
1078224,-0.12,-0.12,-0.12,-2.24,-2.25,-2.39,215.07,Lift
1080733,-0.18,-0.18,-0.17,-2.08,-2.08,-2.06,213.57,Lift
1083242,-0.37,-0.37,-0.37,3.26,3.19,3.11,211.99,Lift
1085751,-0.16,-0.16,-0.16,-1.85,-1.85,-1.82,210.26,Lift
1088260,-0.15,-0.15,-0.15,-0.70,-0.67,-0.63,208.38,Lift
1090769,-0.14,-0.14,-0.14,-1.69,-1.72,-1.73,206.56,Lift
1093278,-0.12,-0.12,-0.12,-0.99,-0.93,-0.90,205.05,Lift
1095787,-0.13,-0.13,-0.13,-0.86,-0.83,-0.87,203.88,Lift
1098296,-0.12,-0.12,-0.12,-0.34,-0.38,-0.30,203.01,Lift
1100805,-0.13,-0.13,-0.13,-0.92,-0.86,-0.93,202.40,Lift
1103314,-0.13,-0.13,-0.13,-2.08,-2.11,-2.07,202.00,Lift
1105823,-0.17,-0.17,-0.17,-2.02,-1.96,-1.94,201.67,Lift
1108332,-0.18,-0.17,-0.18,-5.27,-5.66,-5.98,201.53,Lift
1110841,-0.09,-0.09,-0.09,-5.50,-5.49,-5.54,201.86,Lift
1113350,-0.17,-0.17,-0.17,-3.51,-3.46,-3.47,202.66,Lift
1115859,-0.15,-0.15,-0.15,-0.05,0.00,-0.03,203.76,Lift
1118368,-0.16,-0.16,-0.16,0.56,0.71,0.67,205.02,Lift
1120877,-0.14,-0.13,-0.13,-2.79,-2.75,-2.79,206.46,Lift
1123386,-0.15,-0.15,-0.15,0.69,0.73,0.68,207.69,Lift
1125895,-0.16,-0.16,-0.16,-3.57,-3.53,-3.53,209.31,Lift
1128404,-0.15,-0.15,-0.15,-2.52,-2.58,-2.64,211.06,Lift
1130913,-0.15,-0.15,-0.15,-1.73,-1.73,-1.72,212.78,Lift
1133422,-0.15,-0.15,-0.15,-2.04,-1.90,-1.78,214.47,Lift
1135931,-0.16,-0.16,-0.16,-0.90,-0.95,-0.98,215.90,Lift
1138440,-0.18,-0.18,-0.18,-2.71,-2.69,-2.58,216.96,Lift
1140949,-0.17,-0.17,-0.18,-2.26,-2.31,-2.25,217.71,Lift
1143458,-0.18,-0.18,-0.18,-2.79,-2.67,-2.60,218.28,Lift
1145967,-0.19,-0.19,-0.18,-2.09,-2.13,-2.02,218.66,Lift
1148476,-0.18,-0.18,-0.18,-2.51,-2.44,-2.41,218.92,Lift
1150985,-0.17,-0.17,-0.17,-0.96,-0.77,-0.74,219.08,Lift
1153494,-0.18,-0.18,-0.18,-0.67,-0.73,-0.78,218.95,Lift
1156003,-0.18,-0.18,-0.18,-2.37,-2.35,-2.34,218.33,Lift
1158512,-0.17,-0.17,-0.17,-11.02,-10.97,-10.98,217.41,Lift
1161021,-0.17,-0.16,-0.17,-0.66,-0.56,-0.53,216.22,Lift
1163530,-0.17,-0.17,-0.18,-5.01,-4.83,-4.78,214.90,Lift
1166039,-0.15,-0.15,-0.15,-2.18,-2.15,-2.18,213.41,Lift
1168548,-0.34,-0.34,-0.34,-10.08,-10.19,-10.27,211.82,Lift
1171057,-0.13,-0.13,-0.13,0.31,0.23,0.18,210.17,Lift
1173566,-0.21,-0.21,-0.21,-3.47,-3.49,-3.50,208.50,Lift
1176075,-0.19,-0.19,-0.19,-0.92,-0.91,-0.92,206.80,Lift
1178584,-0.18,-0.19,-0.19,-1.18,-1.09,-1.17,205.39,Lift
1181093,-0.18,-0.17,-0.17,-1.07,-1.07,-1.00,204.60,Lift
1183602,-0.16,-0.17,-0.17,-2.46,-2.51,-2.60,203.78,Lift
1186111,-0.18,-0.19,-0.18,-7.16,-7.02,-6.83,203.19,Lift
1188620,-0.15,-0.15,-0.15,-1.63,-1.79,-1.88,202.76,Lift
1191129,-0.20,-0.20,-0.20,1.98,2.02,1.95,202.45,Lift
1193638,-0.11,-0.11,-0.11,-2.43,-2.43,-2.39,202.29,Lift
1196147,-0.08,-0.08,-0.09,-1.08,-1.05,-0.92,202.51,Lift
1198656,-0.16,-0.16,-0.16,3.37,3.16,2.82,203.19,Lift
1201165,-0.12,-0.12,-0.12,-0.79,-0.90,-0.97,204.14,Lift
1203674,-0.13,-0.13,-0.13,-4.15,-4.21,-4.28,205.33,Lift
1206183,-0.12,-0.13,-0.12,-2.73,-2.60,-2.53,206.75,Lift
1208692,-0.12,-0.12,-0.12,-1.89,-1.85,-1.88,208.25,Lift
1211201,-0.11,-0.11,-0.11,0.73,0.76,0.82,209.87,Lift
1213710,-0.12,-0.12,-0.12,-0.53,-0.55,-0.61,211.53,Lift
1216219,-0.11,-0.11,-0.11,-2.92,-2.85,-2.90,213.25,Lift
1218728,-0.12,-0.12,-0.12,-0.13,-0.06,-0.09,214.95,Lift
1221237,-0.12,-0.12,-0.12,-0.95,-0.89,-0.97,216.39,Lift
1223746,-0.15,-0.15,-0.15,-1.57,-1.60,-1.64,217.43,Lift
1226255,-0.04,-0.03,-0.03,-1.45,-1.40,-1.34,218.23,Lift
1228764,-0.07,-0.07,-0.07,2.02,2.00,2.01,218.76,Lift
1231273,-0.12,-0.12,-0.12,-1.05,-1.03,-0.99,219.19,Lift
1233782,-0.12,-0.12,-0.12,-1.85,-1.85,-1.95,219.43,Lift
1236291,-0.11,-0.11,-0.11,-1.83,-1.84,-1.91,219.61,Lift
1238800,-0.11,-0.11,-0.11,-1.76,-1.86,-1.87,219.75,Lift
1241309,-0.10,-0.10,-0.10,0.50,0.46,0.39,219.81,Lift
1243818,-0.11,-0.11,-0.11,-2.82,-2.81,-2.77,219.83,Lift
1246327,-0.11,-0.10,-0.10,-0.12,-0.16,-0.25,219.38,Lift
1248836,-0.10,-0.10,-0.10,-0.05,-0.08,0.03,218.80,Lift
1251345,-0.11,-0.11,-0.12,-2.57,-2.57,-2.63,218.43,Lift
1253854,-0.10,-0.11,-0.10,3.15,2.87,2.69,218.16,Lift
1256363,-0.11,-0.11,-0.11,-1.66,-1.69,-1.66,217.97,Lift
1258872,-0.11,-0.11,-0.10,-0.48,-0.55,-0.53,217.82,Lift
1261381,-0.11,-0.12,-0.11,0.92,0.82,0.75,217.74,Lift
1263890,-0.12,-0.12,-0.12,-0.96,-0.92,-0.92,217.59,Lift
1266399,-0.09,-0.09,-0.10,-0.40,-0.37,-0.31,217.34,Lift
1268908,-0.14,-0.14,-0.14,-0.58,-0.45,-0.38,216.65,Lift
1271417,-0.13,-0.13,-0.13,-2.68,-2.79,-2.84,215.68,Lift
1273926,-0.12,-0.12,-0.12,-0.93,-1.02,-1.00,214.82,Lift
1276435,-0.10,-0.10,-0.10,-6.28,-6.21,-6.19,214.15,Lift
1278944,-0.06,-0.07,-0.06,1.05,1.06,1.12,213.69,Lift
1281453,-0.08,-0.08,-0.08,0.85,0.81,0.79,213.30,Lift
1283962,-0.09,-0.09,-0.09,-1.36,-1.31,-1.31,213.06,Lift
1286471,-0.09,-0.10,-0.09,-2.14,-2.08,-2.05,212.88,Lift
1288980,-0.08,-0.08,-0.09,-1.67,-1.70,-1.74,212.76,Lift
1291489,-0.09,-0.09,-0.09,-2.82,-2.76,-2.71,212.75,Lift
1293998,-0.08,-0.08,-0.08,1.64,1.75,1.90,212.53,Lift
1296507,-0.11,-0.12,-0.11,-0.12,-0.05,-0.06,211.94,Lift
1299016,-0.08,-0.07,-0.07,0.26,0.24,0.32,211.01,Lift
1301525,-0.09,-0.09,-0.09,2.63,2.57,2.58,209.82,Lift
1304034,-0.10,-0.10,-0.10,-3.01,-3.08,-3.22,208.47,Lift
1306543,-0.09,-0.09,-0.09,-1.20,-1.25,-1.27,206.92,Lift
1309052,-0.10,-0.10,-0.10,-3.89,-4.01,-4.06,205.54,Lift
1311561,-0.09,-0.09,-0.09,0.44,0.46,0.37,204.63,Lift
1314070,-0.07,-0.07,-0.07,-3.42,-3.43,-3.37,203.94,Lift
1316579,-0.02,-0.02,-0.02,-28.17,-27.96,-27.81,203.42,Lift
1319088,-0.07,-0.08,-0.07,-8.02,-8.10,-8.10,203.02,Lift
1321597,-0.05,-0.04,-0.05,0.85,0.97,0.98,202.71,Lift
1324106,-0.04,-0.04,-0.04,-5.18,-5.27,-5.35,202.55,Lift
1326615,-0.02,-0.02,-0.02,-2.89,-2.75,-2.58,202.85,Lift
1329124,-0.06,-0.06,-0.07,-2.40,-2.27,-2.24,203.61,Lift
1331633,-0.05,-0.05,-0.05,-10.21,-10.14,-10.06,204.65,Lift
1334142,-0.17,-0.17,-0.18,-28.76,-28.73,-28.66,205.91,Lift
1336651,-0.12,-0.12,-0.12,-3.20,-3.07,-3.03,207.34,Lift
1339160,-0.15,-0.15,-0.15,-0.73,-0.70,-0.67,208.88,Lift
1341669,-0.16,-0.16,-0.16,-0.98,-0.99,-0.95,210.48,Lift
1344178,-0.14,-0.14,-0.14,-5.39,-5.55,-5.66,212.18,Lift
1346687,-0.15,-0.15,-0.14,-4.15,-4.08,-4.01,213.59,Lift
1349196,-0.16,-0.16,-0.16,-3.36,-3.40,-3.52,215.36,Lift
1351705,-0.15,-0.15,-0.16,-7.76,-7.80,-7.82,216.83,Lift
1354214,-0.14,-0.14,-0.15,4.37,4.41,4.34,217.90,Lift
1356723,-0.05,-0.05,-0.05,-1.11,-1.05,-1.12,218.67,Lift
1359232,-0.07,-0.07,-0.07,5.82,5.79,5.66,219.25,Lift
1361741,-0.12,-0.12,-0.12,-0.98,-1.05,-1.01,219.61,Lift
1364250,-0.19,-0.19,-0.20,0.99,0.76,0.47,219.91,Lift
1366759,0.01,0.01,0.01,-8.53,-8.56,-8.73,220.34,Lift
1369268,0.01,0.02,0.01,-0.70,-0.63,-0.45,220.39,Lift
1371777,-0.01,-0.01,-0.01,3.48,3.62,3.72,219.93,Lift
1374286,0.04,0.04,0.05,9.05,9.07,9.18,219.09,Lift
1376795,0.06,0.06,0.06,-13.63,-13.61,-13.65,218.02,Lift
1379304,-0.09,-0.09,-0.09,5.60,5.79,5.89,216.66,Lift
1381813,0.01,0.01,0.01,-1.71,-1.70,-1.77,215.08,Lift
1384322,-0.01,-0.00,-0.00,-0.47,-0.41,-0.43,213.42,Lift
1386830,-0.01,-0.01,-0.01,1.59,1.57,1.58,211.71,Lift
1389339,0.03,0.03,0.03,-2.36,-2.35,-2.29,209.94,Lift
1391848,0.04,0.03,0.04,-2.05,-2.13,-2.24,208.20,Lift
1394357,0.02,0.02,0.02,0.23,0.23,0.18,206.75,Lift
1396866,-0.03,-0.02,-0.03,-1.01,-1.00,-1.02,205.87,Lift
1399375,-0.03,-0.02,-0.03,-7.77,-7.79,-7.89,205.07,Lift
1401884,-0.01,-0.01,-0.01,0.26,0.30,0.21,204.56,Lift
1404393,0.05,0.05,0.05,-5.63,-5.92,-6.15,204.18,Lift
1406902,0.02,0.02,0.02,0.50,0.50,0.63,203.92,Lift
1409411,0.03,0.03,0.03,-0.52,-0.71,-0.79,203.73,Lift
1411920,0.05,0.05,0.05,-2.20,-2.18,-2.13,203.89,Lift
1414429,0.02,0.02,0.02,-7.40,-7.31,-7.15,204.54,Lift
1416938,-0.08,-0.08,-0.08,-11.15,-11.13,-11.07,205.47,Lift
1419447,-0.03,-0.03,-0.03,1.73,1.79,1.83,206.64,Lift
1421956,-0.08,-0.08,-0.08,0.08,0.12,0.11,208.04,Lift
1424465,0.01,0.02,0.01,-9.85,-9.56,-9.26,209.54,Lift
1426974,-0.10,-0.08,-0.11,0.65,0.78,0.74,211.09,Lift
1429483,-0.02,-0.01,-0.01,-2.02,-2.02,-2.01,212.76,Lift
1431992,-0.05,-0.05,-0.05,3.83,3.81,3.90,214.42,Lift
1434501,-0.02,-0.02,-0.02,2.12,2.18,2.21,216.21,Lift
1437010,-0.02,-0.02,-0.01,-1.50,-1.55,-1.53,217.61,Lift
1439519,0.09,0.09,0.09,0.86,0.80,0.79,218.67,Lift
1442028,-0.03,-0.03,-0.03,-0.78,-0.73,-0.76,219.44,Lift
1444537,0.01,0.00,0.01,8.49,8.62,8.69,219.93,Lift
1447046,0.03,0.04,0.04,-11.60,-11.45,-11.31,220.33,Lift
1449555,0.06,0.06,0.06,3.92,3.79,3.70,220.62,Lift
1452064,0.08,0.08,0.08,7.41,7.27,7.24,220.88,Lift
1454573,0.08,0.08,0.08,-1.24,-1.18,-1.14,220.88,Lift
1457082,0.05,0.05,0.05,0.77,0.91,1.11,220.28,Lift
1459591,-0.02,-0.02,-0.01,-0.11,-0.21,-0.24,219.36,Lift
1462100,0.01,0.01,0.01,-4.53,-4.71,-4.76,218.14,Lift
1464608,0.05,0.03,0.05,1.88,1.89,1.95,216.80,Lift
1467117,-0.14,-0.14,-0.14,2.98,3.13,3.21,215.35,Lift
1469626,0.02,0.03,0.03,-4.96,-4.86,-4.82,213.73,Lift
1472135,-0.05,-0.05,-0.05,-4.89,-5.06,-5.24,212.01,Lift
1474644,0.02,0.02,0.02,-2.58,-2.70,-2.78,210.24,Lift
1477153,0.05,0.04,0.05,-0.29,-0.18,-0.28,208.42,Lift
1479662,0.03,0.03,0.03,-2.47,-2.57,-2.60,206.96,Lift
1482171,0.04,0.04,0.04,0.70,0.71,0.66,205.90,Lift
1484680,0.03,0.02,0.03,-4.05,-4.05,-4.13,205.13,Lift
1487189,0.02,0.02,0.02,-2.02,-1.93,-1.90,204.56,Lift
1489697,0.02,0.02,0.02,1.15,1.18,1.21,204.11,Lift
1492206,0.04,0.04,0.03,-1.28,-1.34,-1.32,203.84,Lift
1494715,0.06,0.06,0.06,0.79,0.85,0.78,203.68,Lift
1497224,0.04,0.05,0.04,-1.88,-1.73,-1.70,203.81,Lift
1499733,-0.05,-0.05,-0.05,-3.27,-3.15,-3.15,204.39,Lift
1502242,-0.04,-0.04,-0.04,-16.63,-16.61,-16.60,205.37,Lift
1504750,-0.02,-0.01,-0.02,1.67,1.68,1.66,206.57,Lift
1507259,-0.03,-0.03,-0.03,-3.22,-3.12,-3.02,207.97,Lift
1509768,-0.01,-0.01,-0.01,-1.37,-1.36,-1.29,209.44,Lift
1512277,0.04,0.03,0.04,-3.08,-3.16,-3.24,211.01,Lift
1514786,0.06,0.06,0.05,-7.89,-7.77,-7.76,212.66,Lift
1517295,0.07,0.07,0.07,3.78,3.89,4.13,214.37,Lift
1519803,0.04,0.04,0.04,-0.31,-0.24,-0.25,216.18,Lift
1522312,0.03,0.03,0.03,-8.24,-8.15,-8.06,217.71,Lift
1524821,0.10,0.10,0.10,-0.65,-0.58,-0.48,218.87,Lift
1527330,0.06,0.06,0.06,-0.81,-0.76,-0.69,219.70,Lift
1529839,0.09,0.09,0.09,7.82,7.79,7.81,220.31,Lift
1532348,0.04,0.04,0.04,0.17,0.17,0.15,220.73,Lift
1534856,0.09,0.09,0.09,-1.10,-1.20,-1.12,221.04,Lift
1537365,0.02,0.02,0.02,-1.57,-1.67,-1.79,221.26,Lift
1539874,0.01,0.01,0.01,-4.45,-4.39,-4.40,221.14,Lift
1542383,0.00,0.02,0.00,0.24,0.35,0.48,220.76,Lift
1544892,-0.02,-0.02,-0.02,5.68,5.59,5.60,219.79,Lift
1547401,-0.03,-0.04,-0.04,-7.21,-7.19,-7.21,218.58,Lift
1549909,-0.01,-0.01,-0.01,-0.31,-0.26,-0.21,217.20,Lift
1552418,0.00,0.00,0.00,-4.58,-4.56,-4.53,215.62,Lift
1554927,0.00,0.00,0.00,-6.05,-6.04,-5.92,213.95,Lift
1557436,-0.03,-0.04,-0.04,-0.42,-0.40,-0.34,212.25,Lift
1559945,0.06,0.06,0.06,3.18,3.12,3.03,210.48,Lift
1562454,-0.04,-0.05,-0.04,-7.26,-7.16,-7.11,208.73,Lift
1564962,-0.10,-0.10,-0.10,4.31,4.24,4.09,207.17,Lift
1567471,-0.04,-0.04,-0.04,-8.11,-8.43,-8.81,205.99,Lift
1569980,-0.03,-0.04,-0.03,-2.18,-2.22,-2.17,205.12,Lift
1572489,-0.03,-0.03,-0.03,-3.32,-3.22,-3.08,204.55,Lift
1574998,-0.03,-0.04,-0.03,1.16,1.28,1.32,204.07,Lift
1577507,-0.05,-0.05,-0.05,-1.92,-1.99,-1.92,203.80,Lift
1580015,-0.06,-0.06,-0.06,-0.98,-0.98,-1.02,203.58,Lift
1582524,-0.02,-0.02,-0.02,-0.73,-0.68,-0.65,203.77,Lift
1585033,-0.08,-0.08,-0.08,-5.01,-5.14,-5.26,204.42,Lift
1587542,-0.06,-0.06,-0.06,3.52,3.35,3.18,205.38,Lift
1590051,-0.06,-0.07,-0.06,-26.40,-26.44,-26.47,206.56,Lift
1592560,0.00,0.00,0.00,-5.85,-6.00,-6.03,207.68,Lift
1595068,-0.05,-0.06,-0.06,-2.76,-2.73,-2.65,209.16,Lift
1597577,-0.08,-0.08,-0.08,-2.44,-2.50,-2.46,210.69,Lift
1600086,-0.03,-0.03,-0.03,-2.10,-2.11,-2.13,212.28,Lift
1602595,-0.01,-0.01,-0.01,-1.10,-0.93,-0.93,214.04,Lift
1605104,-0.05,-0.05,-0.05,22.76,22.77,22.71,215.89,Lift
1607613,-0.08,-0.08,-0.08,-0.27,-0.34,-0.33,217.46,Lift
1610121,-0.04,-0.05,-0.04,-1.64,-1.63,-1.64,218.65,Lift
1612630,-0.11,-0.11,-0.11,-8.53,-8.37,-8.30,219.49,Lift
1615139,-0.06,-0.06,-0.06,-0.54,-0.42,-0.34,220.14,Lift
1617648,0.03,0.03,0.03,-3.41,-3.13,-2.78,220.53,Lift
1620157,0.03,0.03,0.03,-3.87,-3.81,-3.76,220.83,Lift
1622666,0.08,0.08,0.08,0.88,0.81,0.76,221.08,Lift
1625174,0.08,0.08,0.07,2.24,2.24,2.31,221.09,Lift
1627683,0.09,0.09,0.09,-0.17,-0.08,0.01,220.63,Lift
1630192,0.09,0.09,0.09,-4.95,-4.99,-5.02,219.62,Lift
1632701,0.08,0.07,0.07,-0.48,-0.46,-0.35,218.41,Lift
1635210,0.08,0.07,0.08,-1.40,-1.49,-1.49,216.99,Lift
1637719,0.16,0.16,0.16,-2.68,-2.78,-2.92,215.45,Lift
1640227,0.09,0.09,0.08,-1.12,-1.05,-1.01,213.86,Lift
1642736,0.11,0.11,0.11,-4.12,-4.25,-4.29,212.49,Lift
1645245,0.03,0.04,0.03,0.60,0.63,0.56,210.74,Lift
1647754,0.03,0.02,0.03,-2.01,-2.04,-1.99,208.99,Lift
1650263,0.02,0.02,0.03,-1.22,-1.23,-1.24,207.38,Lift
1652772,0.04,0.04,0.04,-1.05,-1.04,-1.02,206.10,Lift
1657789,0.11,0.12,0.11,4.81,5.01,5.36,204.40,Lift
1660298,0.00,0.00,0.00,-0.95,-0.83,-0.82,203.88,Lift
1662807,0.03,0.03,0.03,-0.08,0.14,0.22,203.61,Lift
1665316,-0.08,-0.09,-0.09,2.40,2.47,2.56,203.48,Lift
1667825,-0.02,-0.02,-0.02,-0.42,-0.40,-0.42,203.43,Lift
1670333,-0.03,-0.02,-0.02,-0.65,-0.59,-0.53,203.38,Lift
1672842,-0.02,-0.02,-0.02,0.73,0.75,0.80,203.36,Lift
1675351,-0.03,-0.03,-0.03,12.22,12.35,12.27,203.36,Lift
1677860,-0.02,-0.02,-0.02,-2.91,-2.92,-3.02,203.36,Lift
1680369,-0.01,-0.01,-0.01,1.74,1.77,1.68,203.62,Lift
1682878,-0.03,-0.04,-0.03,-10.66,-10.55,-10.48,204.24,Lift
1685386,0.01,0.01,0.01,0.79,0.63,0.60,205.19,Lift
1687895,0.08,0.08,0.08,-4.56,-4.48,-4.43,206.08,Lift
1690404,0.02,0.02,0.02,0.15,0.16,0.15,206.82,Lift
1692913,0.02,0.02,0.02,-2.84,-2.76,-2.81,207.33,Lift
1695422,0.04,0.04,0.04,-3.15,-3.07,-3.05,207.55,Lift
1697931,-0.02,-0.02,-0.02,3.63,3.74,3.79,207.75,Lift
1700439,-0.03,-0.03,-0.03,2.43,2.60,2.72,207.87,Lift
1702948,-0.02,-0.02,-0.02,0.44,0.48,0.45,208.03,Lift
1705457,-0.04,-0.04,-0.04,-3.18,-3.21,-3.21,208.15,Lift
1707966,-0.03,-0.03,-0.03,-1.02,-0.97,-1.02,208.49,Lift
1710475,-0.02,-0.01,-0.02,-0.69,-0.75,-0.79,209.20,Lift
1712984,-0.03,-0.03,-0.03,-2.76,-2.64,-2.65,210.23,Lift
1715492,-0.03,-0.03,-0.03,3.67,3.50,3.27,211.44,Lift
1718001,-0.06,-0.06,-0.06,-2.33,-2.54,-2.62,212.81,Lift
1720510,-0.04,-0.04,-0.04,-5.92,-5.80,-5.79,214.33,Lift
1723019,0.00,0.00,0.00,-0.27,-0.15,-0.18,216.00,Lift
1725528,-0.01,-0.01,-0.01,-2.05,-1.98,-2.15,217.60,Lift
1728037,-0.01,-0.01,-0.01,-1.94,-1.95,-1.86,218.85,Lift
1730545,-0.00,0.00,0.00,-2.25,-2.21,-2.02,219.69,Lift
1733054,0.01,0.02,0.01,-11.08,-11.20,-11.34,220.36,Lift
1735563,-0.02,-0.02,-0.02,1.61,1.63,1.71,220.78,Lift
1738072,-0.01,-0.01,-0.01,-1.03,-1.03,-1.10,221.09,Lift
1740581,-0.01,-0.01,-0.01,-1.97,-1.96,-1.86,221.33,Lift
1743090,0.01,0.00,0.01,-2.21,-2.12,-2.21,221.49,Lift
1745598,-0.05,-0.04,-0.05,3.56,3.52,3.47,221.58,Lift
1748107,-0.01,-0.00,-0.01,-6.25,-6.36,-6.31,221.18,Lift
1750616,-0.00,-0.00,-0.00,0.38,0.48,0.56,220.24,Lift
1753125,0.02,0.01,0.01,-2.95,-3.02,-3.05,219.04,Lift
1755634,0.01,0.01,0.01,-0.43,-0.48,-0.50,217.73,Lift
1758143,0.03,0.03,0.03,-0.90,-0.98,-0.97,216.28,Lift
1760651,0.01,0.01,0.01,5.73,5.82,5.77,214.73,Lift
1763160,0.01,0.01,0.01,-1.56,-1.60,-1.58,213.10,Lift
1765669,-0.02,-0.02,-0.02,-2.43,-2.41,-2.45,211.37,Lift
1768178,0.05,0.05,0.06,-0.85,-0.78,-0.75,209.63,Lift
1770687,0.07,0.07,0.07,5.03,5.02,4.97,208.00,Lift
1773196,0.04,0.04,0.04,1.35,1.31,1.37,206.72,Lift
1775704,0.05,0.05,0.05,-1.82,-1.82,-1.82,205.84,Lift
1778213,0.02,0.02,0.02,-0.95,-1.11,-1.18,205.16,Lift
1780722,0.02,0.02,0.02,-1.44,-1.47,-1.40,204.67,Lift
1785740,-0.01,-0.01,-0.01,-1.58,-1.61,-1.55,204.07,Lift
1788249,0.01,0.00,0.01,-1.53,-1.38,-1.40,204.04,Lift
1790757,0.02,0.02,0.02,-1.44,-1.39,-1.44,204.34,Lift
1793266,0.01,0.01,0.01,-0.51,-0.50,-0.62,205.17,Lift
1795775,0.01,0.02,0.02,-1.04,-1.06,-1.09,206.24,Lift
1798284,0.03,0.03,0.03,-1.56,-1.58,-1.47,207.51,Lift
1800793,0.02,0.02,0.02,-2.11,-2.12,-2.06,208.96,Lift
1803302,0.01,0.02,0.02,0.41,0.43,0.40,210.50,Lift
1805810,0.03,0.03,0.03,-1.56,-1.61,-1.54,212.06,Lift
1808319,0.03,0.03,0.03,-0.19,-0.26,-0.34,213.64,Lift
1810828,0.03,0.04,0.04,-1.09,-1.18,-1.24,215.42,Lift
1813337,0.03,0.03,0.03,-1.64,-1.56,-1.53,217.10,Lift
1815846,0.04,0.04,0.04,-0.24,-0.23,-0.19,218.38,Lift
1818355,0.04,0.04,0.04,-0.31,-0.34,-0.42,219.32,Lift
1820863,-0.08,-0.08,-0.07,3.74,3.76,3.62,219.99,Lift
1823372,-0.06,-0.06,-0.06,1.11,1.20,1.21,220.47,Lift
1825881,-0.03,-0.03,-0.03,1.37,1.44,1.49,220.82,Lift
1828390,-0.06,-0.06,-0.06,-0.83,-0.91,-0.97,221.07,Lift
1830899,-0.02,-0.02,-0.02,0.51,0.60,0.68,221.10,Lift
1833408,-0.04,-0.04,-0.04,-0.91,-0.89,-0.89,220.75,Lift
1835917,-0.03,-0.03,-0.03,-10.20,-10.34,-10.41,220.09,Lift
1838426,0.02,0.02,0.02,1.20,1.35,1.40,218.96,Lift
1840935,0.03,0.04,0.04,-2.39,-2.37,-2.28,217.58,Lift
1843444,0.07,0.07,0.08,-3.04,-3.21,-3.26,216.04,Lift
1845953,0.07,0.07,0.07,-5.10,-5.03,-5.02,214.46,Lift
1848462,-0.05,-0.05,-0.05,-8.22,-8.15,-8.16,212.81,Lift
1850971,-0.00,-0.00,-0.01,-1.38,-1.31,-1.35,211.12,Lift
1853480,0.03,0.03,0.03,-0.55,-0.60,-0.60,209.34,Lift
1855989,0.01,0.01,0.01,-1.89,-1.85,-1.88,207.65,Lift
1858498,0.02,0.02,0.02,-0.95,-0.92,-1.01,206.40,Lift
1861007,0.01,0.01,0.02,-0.87,-0.92,-0.93,205.41,Lift
1863516,-0.13,-0.13,-0.12,7.44,7.54,7.62,204.77,Lift
1866024,-0.04,-0.05,-0.05,-3.80,-3.75,-3.60,204.28,Lift
1868533,0.03,0.03,0.03,-1.27,-1.26,-1.35,203.93,Lift
1871042,0.03,0.03,0.03,-0.78,-0.79,-0.73,203.70,Lift
1873551,0.00,0.00,0.01,-0.17,-0.10,-0.11,203.69,Lift
1876060,0.06,0.06,0.06,-2.04,-2.01,-1.89,204.18,Lift
1878569,-0.05,-0.05,-0.05,-9.23,-9.14,-9.02,204.84,Lift
1881077,0.01,0.01,0.01,-1.77,-1.79,-1.80,205.89,Lift
1883586,-0.01,-0.01,-0.01,-0.42,-0.43,-0.49,207.13,Lift
1886095,0.00,0.00,0.00,-0.68,-0.69,-0.81,208.52,Lift
1888604,0.02,0.02,0.02,-1.58,-1.64,-1.76,209.98,Lift
1891113,0.02,0.02,0.02,-1.26,-1.37,-1.34,211.68,Lift
1893622,0.02,0.02,0.02,0.06,0.14,0.09,213.48,Lift
1898639,-0.03,-0.02,-0.02,-3.33,-3.16,-3.02,217.00,Lift
1901148,0.01,0.01,0.01,-0.34,-0.37,-0.38,218.31,Lift
1903657,0.02,0.02,0.02,0.85,0.83,0.84,219.25,Lift
1906166,0.07,0.07,0.07,15.29,15.20,15.05,219.87,Lift
1908675,0.10,0.10,0.10,4.05,4.42,4.76,220.34,Lift
1911184,0.06,0.07,0.06,-2.32,-2.29,-2.35,220.65,Lift
1913693,0.09,0.09,0.09,2.36,2.34,2.43,220.86,Lift
1916202,0.09,0.09,0.09,-1.24,-1.25,-1.24,220.97,Lift
1918711,0.04,0.04,0.04,0.19,0.24,0.16,220.67,Lift
1921220,0.04,0.04,0.04,-2.24,-2.41,-2.62,219.98,Lift
1923729,0.01,0.01,0.01,1.15,1.16,1.21,218.88,Lift
1926238,0.01,0.00,0.01,-3.53,-3.55,-3.51,217.81,Lift
1928747,0.01,0.01,0.00,1.36,1.37,1.36,216.31,Lift
1931256,-0.16,-0.16,-0.16,-6.23,-6.64,-7.12,214.74,Lift
1933765,-0.05,-0.05,-0.06,0.04,0.03,0.07,213.08,Lift
1936274,-0.03,-0.03,-0.03,-4.76,-4.86,-4.93,211.32,Lift
1938783,-0.03,-0.03,-0.04,-5.08,-5.15,-5.18,209.56,Lift
1941292,-0.07,-0.07,-0.07,2.91,2.94,2.89,207.76,Lift
1943801,-0.06,-0.06,-0.06,1.17,1.16,1.29,206.39,Lift
1946310,-0.05,-0.05,-0.05,-4.34,-4.31,-4.31,205.37,Lift
1948819,-0.02,-0.02,-0.02,-2.66,-2.70,-2.53,204.66,Lift
1951328,0.05,0.06,0.05,-3.11,-2.87,-2.67,204.18,Lift
1953837,0.01,0.01,0.01,-0.67,-0.56,-0.55,203.84,Lift
1956346,0.03,0.03,0.03,1.31,1.37,1.34,203.56,Lift
1958855,-0.04,-0.04,-0.05,-1.40,-1.40,-1.42,203.44,Lift
1961364,-0.04,-0.04,-0.04,-0.48,-0.75,-0.92,203.78,Lift
1963873,-0.04,-0.04,-0.04,-2.10,-2.18,-2.29,204.56,Lift
1966382,-0.03,-0.03,-0.03,-2.47,-2.40,-2.41,205.58,Lift
1968891,-0.01,-0.01,-0.01,-1.09,-1.05,-1.02,206.64,Lift
1971400,-0.04,-0.03,-0.04,-0.02,0.05,0.08,208.05,Lift
1973909,-0.01,-0.01,-0.01,-1.58,-1.47,-1.38,209.62,Lift
1976418,0.00,-0.00,0.00,0.02,-0.05,0.08,211.28,Lift
1978927,-0.01,-0.01,-0.01,-0.18,-0.20,-0.18,213.04,Lift
1981436,0.00,0.00,0.00,-2.00,-1.95,-1.92,214.77,Lift
1983945,0.00,0.00,0.00,-0.85,-0.73,-0.87,216.50,Lift
1986454,-0.00,-0.00,-0.00,-1.24,-1.17,-1.15,217.86,Lift
1988963,-0.00,-0.00,-0.00,-1.21,-1.21,-1.25,218.89,Lift
1991472,0.00,0.00,0.00,-1.18,-1.21,-1.18,219.67,Lift
1993981,0.03,0.03,0.03,0.64,0.66,0.65,220.18,Lift
1996490,0.02,0.02,0.02,-1.37,-1.31,-1.30,220.56,Lift
1998999,0.02,0.02,0.02,-1.79,-1.73,-1.63,220.88,Lift
2001508,0.02,0.02,0.02,0.98,0.86,0.76,221.13,Lift
2004017,0.01,0.01,0.02,-0.05,-0.14,-0.17,220.97,Lift
2006526,0.03,0.03,0.03,0.01,0.10,0.21,220.39,Lift
2009035,0.03,0.03,0.03,-5.03,-5.18,-5.31,219.47,Lift
2011544,-0.01,-0.01,-0.01,-0.86,-0.94,-0.94,218.20,Lift
2014053,0.00,0.01,0.01,-0.97,-1.07,-1.21,217.01,Lift
2016562,-0.01,-0.01,-0.01,-1.96,-1.95,-1.98,216.13,Lift
2019070,-0.01,-0.01,-0.01,-1.86,-1.79,-1.84,215.64,Lift
2021579,-0.01,-0.00,-0.01,-0.31,-0.33,-0.34,215.10,Lift
2024088,-0.01,-0.01,-0.00,-1.50,-1.46,-1.34,214.74,Lift
2026597,-0.01,-0.01,-0.01,-1.50,-1.57,-1.51,214.48,Lift
2029106,-0.01,-0.01,-0.01,-0.76,-0.73,-0.79,214.29,Lift
2031615,-0.01,-0.01,-0.01,-1.47,-1.43,-1.40,214.22,Lift
2034124,-0.00,-0.01,-0.01,-2.01,-1.92,-1.92,214.12,Lift
2036633,-0.00,-0.00,-0.00,-1.13,-1.18,-1.15,213.89,Lift
2039142,-0.00,-0.00,-0.01,-1.73,-1.74,-1.81,213.26,Lift
2041651,-0.00,-0.01,-0.01,-1.73,-1.74,-1.89,212.64,Lift
2044160,-0.00,-0.00,-0.00,-2.18,-2.18,-2.24,212.24,Lift
2046669,-0.01,-0.01,-0.01,-0.27,-0.29,-0.25,211.94,Lift
2049178,-0.00,0.00,0.00,-1.81,-1.82,-1.76,211.74,Lift
2051687,-0.01,-0.01,-0.00,-0.84,-0.78,-0.76,211.56,Lift
2054196,0.05,0.05,0.05,-6.45,-6.66,-6.84,211.39,Lift
2056705,0.06,0.06,0.06,10.28,10.37,10.36,211.28,Lift
2059214,0.02,0.03,0.02,-2.10,-2.16,-2.31,211.17,Lift
2061723,0.02,0.02,0.02,-2.31,-2.25,-2.28,211.04,Lift
2064232,0.03,0.03,0.03,-0.95,-1.09,-1.18,210.64,Lift
2066741,0.03,0.04,0.03,-3.92,-3.86,-3.89,209.83,Lift
2069250,-0.00,0.00,0.00,0.77,0.83,0.85,208.93,Lift
2071758,0.01,0.02,0.01,-0.01,-0.05,-0.02,207.67,Lift
2074267,0.00,0.00,0.00,-1.11,-1.09,-1.06,206.53,Lift
2076776,0.00,0.00,0.00,-1.53,-1.53,-1.44,205.68,Lift
2079285,0.01,0.01,0.01,-0.92,-0.82,-0.84,205.01,Lift
2081794,-0.01,-0.01,-0.01,-5.95,-5.88,-5.86,204.52,Lift
2084303,-0.00,-0.01,-0.00,-8.75,-8.78,-8.91,204.18,Lift
2089321,-0.01,-0.01,-0.01,-3.63,-3.53,-3.53,203.78,Lift
2091830,0.01,0.01,0.00,-1.92,-1.82,-1.85,203.67,Lift
2094339,-0.00,0.00,-0.00,0.23,0.27,0.22,203.71,Lift
2096848,-0.01,-0.01,-0.01,2.40,2.27,2.17,204.10,Lift
2099357,0.01,0.01,0.00,-0.43,-0.53,-0.62,204.90,Lift
2101866,0.02,0.02,0.02,5.91,5.98,6.02,205.93,Lift
2104375,-0.00,-0.00,-0.00,-1.18,-1.19,-1.11,207.22,Lift
2106884,0.02,0.02,0.02,-7.03,-6.96,-6.76,208.75,Lift
2109393,0.03,0.03,0.03,1.03,0.92,0.78,210.37,Lift
2111902,0.02,0.02,0.02,1.89,1.95,1.97,212.10,Lift
2114411,0.07,0.07,0.07,-3.80,-3.73,-3.69,213.81,Lift
2116920,0.02,0.02,0.02,-1.82,-1.70,-1.60,215.59,Lift
2119429,0.01,0.01,0.01,-1.35,-1.37,-1.40,217.27,Lift
2121938,0.02,0.02,0.02,0.82,0.85,0.82,218.63,Lift
2124447,0.02,0.02,0.02,-0.70,-0.66,-0.63,219.47,Lift
2126956,0.02,0.02,0.02,-1.50,-1.50,-1.51,220.25,Lift
2129465,0.04,0.04,0.04,3.92,3.93,3.89,220.80,Lift
2131974,0.01,0.01,0.01,1.75,1.76,1.89,221.24,Lift
2134483,0.04,0.04,0.04,-1.94,-1.81,-1.66,221.55,Lift
2136992,0.04,0.03,0.04,-0.28,-0.37,-0.49,221.71,Lift
2139501,0.03,0.04,0.04,-6.05,-5.91,-5.69,221.47,Lift
2144519,0.07,0.07,0.07,1.56,1.69,1.81,219.83,Lift
2147028,0.04,0.03,0.03,2.06,2.18,2.23,218.61,Lift
2149537,0.03,0.03,0.03,-2.21,-2.21,-2.27,217.16,Lift
2152046,0.01,0.01,0.01,-1.64,-1.46,-1.33,215.57,Lift
2154555,0.01,0.01,0.01,-1.73,-1.52,-1.40,213.81,Lift
2157064,0.02,0.02,0.01,-2.64,-2.62,-2.66,212.06,Lift
2159573,0.02,0.02,0.02,-2.57,-2.59,-2.51,210.27,Lift
2162082,0.02,0.02,0.02,-1.96,-1.89,-1.76,208.51,Lift
2164591,0.02,0.02,0.02,-2.80,-2.82,-2.83,207.11,Lift
2167100,0.02,0.02,0.03,-1.15,-1.11,-1.05,206.08,Lift
2169609,0.02,0.02,0.02,-1.25,-1.21,-1.26,205.35,Lift
2172118,0.03,0.03,0.03,-1.35,-1.36,-1.36,204.86,Lift
2174627,0.03,0.03,0.03,-1.24,-1.29,-1.34,204.53,Lift
2177136,0.04,0.03,0.04,-0.68,-0.66,-0.66,204.35,Lift
2179645,0.03,0.03,0.03,-2.24,-2.23,-2.12,204.18,Lift
2182154,0.04,0.04,0.04,-0.69,-0.61,-0.69,204.44,Lift
2184663,0.03,0.04,0.04,-1.73,-1.75,-1.82,205.05,Lift
2187172,0.01,-0.01,0.02,-2.31,-2.37,-2.32,206.03,Lift
2189681,-0.01,-0.01,-0.01,-2.82,-2.64,-2.52,207.20,Lift
2192190,-0.01,-0.02,-0.02,-2.25,-2.15,-1.99,208.66,Lift
2194699,-0.01,-0.01,-0.01,-2.73,-2.73,-2.66,210.31,Lift
2197208,0.02,0.02,0.02,-0.22,-0.24,-0.23,212.01,Lift
2199717,-0.02,-0.02,-0.03,-0.53,-0.63,-0.63,213.79,Lift
2202226,0.04,0.04,0.04,-3.56,-3.34,-3.24,215.49,Lift
2204735,0.01,-0.01,0.01,-3.89,-3.74,-3.51,217.31,Lift
2207244,0.00,-0.00,0.00,-1.50,-1.44,-1.34,218.80,Lift
2209753,0.00,0.00,-0.00,-1.11,-1.07,-1.07,219.92,Lift
2212262,0.04,0.03,0.03,0.85,0.76,0.70,220.70,Lift
2214771,-0.06,-0.05,-0.06,-6.20,-6.19,-6.26,221.30,Lift
2217280,-0.05,-0.05,-0.05,0.06,-0.08,-0.21,221.62,Lift
2219789,-0.01,-0.02,-0.02,-4.06,-4.08,-4.00,221.92,Lift
2222298,-0.04,-0.04,-0.04,-3.96,-3.85,-3.82,222.07,Lift
2224807,-0.04,-0.04,-0.04,-1.15,-1.22,-1.18,221.92,Lift
2227316,-0.06,-0.05,-0.06,-11.21,-11.39,-11.61,221.37,Lift
2232334,-0.13,-0.13,-0.13,1.05,0.98,0.99,219.26,Lift
2234843,-0.12,-0.12,-0.12,1.19,1.22,1.09,217.83,Lift
2237352,-0.10,-0.10,-0.10,-4.71,-4.69,-4.62,216.27,Lift
2239861,-0.10,-0.10,-0.10,0.76,0.64,0.38,214.53,Lift
2242370,-0.09,-0.09,-0.09,11.47,11.53,11.56,212.62,Lift
2244879,-0.07,-0.07,-0.07,-4.12,-4.00,-3.96,210.75,Lift
2247388,-0.09,-0.09,-0.09,-1.78,-1.70,-1.63,208.99,Lift
2249897,-0.08,-0.08,-0.08,-1.47,-1.48,-1.49,207.52,Lift
2252406,-0.06,-0.06,-0.06,-1.01,-1.09,-1.06,206.42,Lift
2254915,-0.07,-0.07,-0.07,-1.37,-1.25,-1.23,205.66,Lift
2257424,-0.08,-0.08,-0.08,-2.23,-2.25,-2.31,205.08,Lift
2259933,-0.04,-0.04,-0.04,3.17,3.11,3.08,204.70,Lift
2262442,-0.07,-0.07,-0.07,-4.41,-4.35,-4.33,204.44,Lift
2264951,-0.10,-0.10,-0.10,2.32,2.26,2.34,204.23,Lift
2267460,-0.06,-0.06,-0.06,-3.64,-3.76,-3.69,204.07,Lift
2269969,-0.08,-0.08,-0.08,-1.95,-2.00,-1.97,204.04,Lift
2272478,-0.07,-0.07,-0.07,-1.10,-1.00,-0.90,204.38,Lift
2274987,-0.06,-0.05,-0.06,0.82,0.91,0.98,205.17,Lift
2277496,-0.07,-0.07,-0.07,-3.89,-4.00,-4.12,205.95,Lift
2280005,-0.02,-0.02,-0.02,0.39,0.27,0.20,207.23,Lift
2282514,-0.01,-0.01,-0.01,-2.38,-2.31,-2.31,208.45,Lift
2285023,0.00,-0.00,-0.00,-3.62,-3.69,-3.73,209.39,Lift
2287532,-0.10,-0.11,-0.11,0.19,0.18,0.15,210.06,Lift
2290041,-0.11,-0.10,-0.10,-1.56,-1.66,-1.78,210.49,Lift
2292550,-0.08,-0.08,-0.08,-0.29,-0.27,-0.21,210.84,Lift
2295059,0.15,0.14,0.15,-65.09,-65.61,-66.01,211.09,Lift
2297568,-0.03,-0.03,-0.02,3.40,3.31,3.42,211.21,Lift
2300077,-0.08,-0.08,-0.08,2.51,2.55,2.50,211.29,Lift
2302586,-0.08,-0.08,-0.08,0.08,0.07,0.03,211.36,Lift
2305095,-0.08,-0.07,-0.08,4.63,4.57,4.49,211.56,Lift
2307604,-0.07,-0.07,-0.07,-3.82,-3.72,-3.71,212.26,Lift
2310113,-0.02,-0.01,-0.01,-4.38,-4.07,-3.92,213.36,Lift
2312622,-0.07,-0.07,-0.08,13.21,12.93,12.82,214.45,Lift
2315131,-0.00,-0.00,-0.00,0.89,0.89,0.86,215.25,Lift
2317640,-0.10,-0.09,-0.09,-1.07,-1.18,-1.24,215.85,Lift
2320149,-0.09,-0.09,-0.09,-2.41,-2.50,-2.56,216.27,Lift
2322658,-0.07,-0.08,-0.07,-4.92,-4.95,-4.94,216.60,Lift
2325167,-0.06,-0.07,-0.06,2.04,2.21,2.35,216.84,Lift
2327676,-0.03,-0.03,-0.03,4.08,4.11,4.11,216.98,Lift
2330185,-0.04,-0.04,-0.04,1.21,1.22,1.25,217.11,Lift
2332694,0.01,0.01,0.01,0.98,0.99,0.90,217.24,Lift
2335203,-0.02,-0.02,-0.02,-17.02,-16.90,-16.81,217.71,Lift
2337712,-0.04,-0.05,-0.05,0.25,0.21,0.18,218.58,Lift
2340221,0.05,0.05,0.05,26.83,26.86,26.88,219.72,Lift
2342730,0.00,0.00,0.01,-1.26,-1.30,-1.24,220.58,Lift
2345239,-0.05,-0.05,-0.05,-3.10,-3.14,-3.15,221.25,Lift
2347748,-0.06,-0.06,-0.06,1.37,1.43,1.44,221.73,Lift
2350257,-0.04,-0.05,-0.05,1.45,1.58,1.61,222.02,Lift
2352766,-0.04,-0.03,-0.03,2.37,2.63,2.81,222.29,Lift
2355275,0.04,0.04,0.04,-3.40,-3.37,-3.35,222.41,Lift
2357784,0.06,0.07,0.06,-3.15,-3.08,-3.06,222.35,Lift
2360293,0.07,0.07,0.07,-2.09,-2.22,-2.27,221.91,Lift
2362802,0.07,0.07,0.07,-2.70,-2.66,-2.64,221.07,Lift
2365311,0.05,0.06,0.06,-1.75,-1.71,-1.76,219.97,Lift
2367820,0.07,0.07,0.06,-2.42,-2.40,-2.41,218.63,Lift
2370329,0.05,0.05,0.05,-1.89,-1.98,-2.02,217.09,Lift
2372838,0.06,0.06,0.05,-0.82,-0.80,-0.87,215.73,Lift
2375347,-0.04,-0.04,-0.04,-1.42,-1.44,-1.39,214.60,Lift
2377856,-0.04,-0.03,-0.03,7.47,7.35,7.27,213.84,Lift
2380365,-0.07,-0.06,-0.06,-0.85,-0.77,-0.84,213.26,Lift
2382874,-0.10,-0.09,-0.10,-1.53,-1.51,-1.53,212.92,Lift
2385383,-0.05,-0.05,-0.05,-2.85,-2.83,-2.75,212.61,Lift
2387892,-0.03,-0.03,-0.03,4.02,4.13,4.24,212.37,Lift
2390401,-0.04,-0.04,-0.04,-4.41,-4.46,-4.43,212.02,Lift
2392910,-0.03,-0.03,-0.03,-3.35,-3.46,-3.49,211.26,Lift
2395419,-0.03,-0.03,-0.03,1.65,1.60,1.72,210.22,Lift
2397928,0.00,0.00,-0.00,-1.32,-1.38,-1.56,208.98,Lift
2400437,-0.06,-0.06,-0.06,-13.69,-13.63,-13.62,207.67,Lift
2402946,-0.08,-0.07,-0.08,-1.69,-1.68,-1.68,206.60,Lift
2405455,-0.06,-0.06,-0.06,-5.17,-5.09,-4.95,205.79,Lift
2407964,-0.05,-0.05,-0.05,-3.53,-3.51,-3.56,205.18,Lift
2410473,-0.05,-0.05,-0.05,-4.61,-4.66,-4.73,204.76,Lift
2412982,0.02,0.01,0.01,-5.93,-5.92,-5.98,204.48,Lift
2415491,-0.05,-0.05,-0.05,8.69,8.75,8.79,204.25,Lift
2418000,-0.10,-0.10,-0.10,-1.47,-1.39,-1.33,204.10,Lift
2420509,-0.03,-0.03,-0.03,1.41,1.45,1.51,204.06,Lift
2423018,-0.06,-0.07,-0.07,-0.37,-0.41,-0.56,204.23,Lift
2425527,-0.09,-0.09,-0.09,-4.61,-4.64,-4.62,204.84,Lift
2428036,-0.10,-0.10,-0.11,-1.00,-0.90,-0.82,205.74,Lift
2430545,-0.13,-0.14,-0.13,5.27,5.35,5.47,206.95,Lift
2433054,-0.09,-0.09,-0.09,-0.97,-1.06,-1.14,208.43,Lift
2435563,-0.12,-0.12,-0.12,6.04,6.07,6.09,209.98,Lift
2438072,-0.08,-0.08,-0.08,-2.90,-3.00,-3.14,211.32,Lift
2440581,-0.09,-0.09,-0.09,-1.80,-1.73,-1.68,212.34,Lift
2443090,-0.09,-0.09,-0.09,0.54,0.47,0.55,212.91,Lift
2445599,-0.08,-0.08,-0.08,-1.10,-1.33,-1.43,213.45,Lift
2448108,-0.09,-0.09,-0.09,-3.37,-3.34,-3.34,213.85,Lift
2450617,-0.09,-0.09,-0.09,-1.70,-1.66,-1.67,214.13,Lift
2453126,-0.10,-0.10,-0.10,5.86,6.02,6.12,214.33,Lift
2455635,-0.14,-0.13,-0.13,15.68,16.03,16.22,214.51,Lift
2458144,-0.14,-0.14,-0.14,-1.32,-1.30,-1.26,214.89,Lift
2460653,-0.15,-0.14,-0.15,3.60,3.56,3.66,215.58,Lift
2463161,-0.12,-0.12,-0.12,-0.45,-0.40,-0.40,216.63,Lift
2465670,-0.12,-0.13,-0.12,0.45,0.64,0.81,217.91,Lift
2468179,-0.08,-0.09,-0.09,9.57,9.68,9.74,219.34,Lift
2470688,-0.06,-0.06,-0.05,-5.31,-5.38,-5.31,220.42,Lift
2473197,-0.08,-0.08,-0.08,-3.82,-3.85,-3.83,221.16,Lift
2475706,-0.12,-0.12,-0.12,-0.15,-0.17,-0.18,221.67,Lift
2478215,-0.11,-0.11,-0.11,2.47,2.49,2.37,222.07,Lift
2480724,-0.11,-0.11,-0.11,-0.60,-0.73,-0.72,222.37,Lift
2483233,-0.13,-0.13,-0.13,-7.31,-7.29,-7.28,222.61,Lift
2485742,-0.12,-0.12,-0.12,0.46,0.53,0.55,222.72,Lift
2488251,-0.12,-0.12,-0.12,-3.83,-3.76,-3.66,222.40,Lift
2490760,-0.11,-0.11,-0.10,-4.78,-4.85,-4.83,221.62,Lift
85652,-0.14,-0.14,-0.14,0.58,0.54,0.56,214.07,Lift
241210,0.07,0.07,0.07,20.75,20.36,19.82,213.68,Lift
549815,-0.03,-0.03,-0.03,29.89,29.60,29.26,213.14,Lift
564869,-0.04,-0.04,-0.04,-84.72,-84.91,-85.06,215.45,Lift
579923,-0.20,-0.20,-0.20,89.85,89.90,89.87,213.27,Lift
594976,-0.14,-0.14,-0.14,12.45,12.03,11.60,212.98,Lift
610030,0.05,0.05,0.05,-68.19,-68.05,-67.79,215.06,Lift
625084,0.03,0.02,0.02,21.14,20.66,20.30,213.24,Lift
868448,-0.25,-0.25,-0.25,3.06,2.21,1.26,213.05,Lift
1087130,-0.07,-0.07,-0.07,-31.82,-31.68,-31.47,212.28,Lift
1508632,-0.35,-0.34,-0.34,49.94,50.21,50.41,212.46,Lift
1526195,-0.26,-0.25,-0.25,70.31,70.23,69.97,212.13,Lift
1644117,-0.14,-0.13,-0.14,-53.34,-53.76,-54.13,213.46,Lift
1686770,-0.28,-0.27,-0.28,-34.39,-34.95,-35.42,214.17,Lift
1716878,-0.10,-0.10,-0.10,9.32,9.07,8.58,213.65,Lift
1731932,-0.11,-0.12,-0.12,-22.32,-23.21,-24.03,214.29,Lift
1762038,-0.07,-0.07,-0.07,-2.02,-1.88,-1.78,213.73,Lift
1807200,-0.25,-0.26,-0.26,-3.27,-3.36,-3.35,214.38,Lift
1852361,-0.12,-0.12,-0.11,-10.74,-9.52,-8.52,214.50,Lift
1867414,-0.33,-0.33,-0.33,29.15,29.02,28.71,213.77,Lift
1882467,0.14,0.14,0.14,65.31,65.35,65.32,212.08,Lift
2221157,-0.02,-0.02,-0.02,-29.93,-29.88,-29.83,213.83,Lift
2334055,-0.37,-0.37,-0.37,-50.08,-51.22,-52.21,215.56,Lift
2574900,-0.23,-0.22,-0.22,-78.47,-78.66,-78.87,213.68,Lift
